roi_id,wafer,z_true,direct_label,p_normal,p_surface,p_subsurface
A_2_000,A,2,2,0.1353,0.2133,0.6514
A_2_001,A,2,2,0.1037237753882995,0.1430199020553382,0.7532563225563622
A_2_002,A,2,2,0.1572361371119838,0.159550246659683,0.6832136162283331
A_2_003,A,2,2,0.114596154903862,0.0526237555836,0.8327800895125379
A_2_004,A,2,2,0.225432894803091,0.170362139357035,0.6042049658398739
A_2_005,A,2,2,0.0517017764949615,0.120294240890442,0.8280039826145964
A_2_006,A,2,1,0.0604526041630546,0.5195456271831581,0.4200017686537872
A_2_007,A,2,0,0.7427307937945092,0.1559146959546495,0.1013545102508412
A_2_008,A,2,0,0.5357201395163698,0.2113534509167376,0.2529264095668926
A_2_009,A,2,1,0.1693932483892289,0.4937544963439992,0.3368522552667717
A_2_010,A,2,1,0.0582,0.6569,0.2849
A_2_011,A,2,2,0.1143138528076554,0.0770793848579041,0.8086067623344404
A_2_012,A,2,1,0.1236559911808928,0.5041854462812019,0.3721585625379053
A_2_013,A,2,2,0.1940609483208246,0.1358862302723286,0.6700528214068467
A_2_014,A,2,1,0.1693932483892289,0.4937544963439992,0.3368522552667717
A_2_015,A,2,2,0.2495136637581359,0.1471128127155289,0.6033735235263351
A_2_016,A,2,2,0.227095347926483,0.1719173636614843,0.6009872884120326
A_2_017,A,2,2,0.0111,0.1178,0.8711
A_2_018,A,2,2,0.043098192963649,0.0857658460371432,0.8711359609992078
A_2_019,A,2,2,0.0710568378043249,0.0531278145323451,0.8758153476633299
A_2_020,A,2,2,0.0666,0.0205,0.9129
A_2_021,A,2,1,0.1693932483892289,0.4937544963439992,0.3368522552667717
A_2_022,A,2,2,0.1214014770927847,0.0630553096691308,0.8155432132380844
A_2_023,A,2,2,0.1506619680935362,0.2375310841637398,0.6118069477427239
A_2_024,A,2,2,0.1666276125280565,0.1430062396293361,0.6903661478426073
A_2_025,A,2,2,0.2088627465555718,0.2128764814151028,0.5782607720293254
A_2_026,A,2,2,0.1226551940896708,0.0708132075391703,0.8065315983711587
A_2_027,A,2,0,0.4346530013205316,0.386884844351564,0.1784621543279043
A_2_028,A,2,0,0.5925545897751892,0.2436903666243488,0.1637550436004619
A_2_029,A,2,2,0.114596154903862,0.0526237555836,0.8327800895125379
A_2_030,A,2,2,0.002,0.072,0.926
A_2_031,A,2,1,0.0277500515610059,0.8723635599228589,0.0998863885161352
A_2_032,A,2,2,0.1506619680935362,0.2375310841637398,0.6118069477427239
A_2_033,A,2,2,0.214620865765421,0.2337643939424076,0.5516147402921713
A_2_034,A,2,2,0.0780594777571629,0.074734875605058,0.8472056466377791
A_2_035,A,2,1,0.1721,0.5581,0.2698
A_2_036,A,2,1,0.0941,0.4173,0.4886
A_2_037,A,2,1,0.123498038959487,0.5166452626140453,0.3598566984264676
A_2_038,A,2,1,0.1308295426587861,0.6434726997406062,0.2256977576006076
A_2_039,A,2,2,0.1006161570038275,0.2196581324932237,0.6797257105029487
A_2_040,A,2,2,0.1664327855011703,0.1015071505373414,0.7320600639614883
A_2_041,A,2,1,0.0613515734501304,0.4737881939524467,0.4648602325974228
A_2_042,A,2,2,0.1582265203345551,0.2135076414755168,0.6282658381899281
A_2_043,A,2,2,0.123989123564011,0.1498777764879671,0.7261330999480218
A_2_044,A,2,1,0.0752673210418637,0.5709539103695944,0.3537787685885418
A_2_045,A,2,2,0.1572361371119838,0.159550246659683,0.6832136162283331
A_2_046,A,2,2,0.246274196637911,0.1222538598167353,0.6314719435453536
A_2_047,A,2,1,0.0369439527842708,0.8170493521591812,0.1460066950565479
A_2_048,A,2,2,0.0257984684638399,0.025050377508268,0.949151154027892
A_2_049,A,2,2,0.0780594777571629,0.074734875605058,0.8472056466377791
A_2_050,A,2,2,0.1940609483208246,0.1358862302723286,0.6700528214068467
A_2_051,A,2,2,0.2414,0.0364,0.7223
A_2_052,A,2,2,0.0984898935559822,0.0630576066547338,0.8384524997892839
A_2_053,A,2,2,0.1934,0.195,0.6116
A_2_054,A,2,2,0.1176494467975573,0.1051352789915061,0.7772152742109365
A_2_055,A,2,2,0.214620865765421,0.2337643939424076,0.5516147402921713
A_2_056,A,2,2,0.1211043733191053,0.1074525259959314,0.7714431006849632
A_2_057,A,2,0,0.4955,0.5021,0.0024
A_1_000,A,1,1,0.0542280740165244,0.8433862750938186,0.1023856508896569
A_1_001,A,1,2,0.1147472199006843,0.2369126163100781,0.6483401637892375
A_1_002,A,1,1,0.0311067562096475,0.89881061328019,0.0700826305101624
A_1_003,A,1,2,0.0379,0.1939,0.7682
A_1_004,A,1,1,0.1562508296860246,0.6669508693465651,0.1767983009674102
A_1_005,A,1,0,0.638,0.3424,0.0196
A_1_006,A,1,1,0.1437,0.8549,0.0014
A_1_007,A,1,1,0.097611679887983,0.7171655894861597,0.1852227306258572
A_1_008,A,1,2,0.0804437321060217,0.4865413080248743,0.4330149598691039
A_1_009,A,1,2,0.0182,0.1429,0.8389
A_1_010,A,1,1,0.1277472571988706,0.8032524984796323,0.069000244321497
A_1_011,A,1,1,0.2044544700038728,0.4905443692171083,0.3050011607790189
A_1_012,A,1,1,0.0514468080296257,0.9246273135646814,0.0239258784056928
A_1_013,A,1,1,0.4726,0.4836,0.0437
A_1_014,A,1,1,0.097611679887983,0.7171655894861597,0.1852227306258572
A_1_015,A,1,2,0.0554156963457879,0.4342245623134222,0.5103597413407898
A_1_016,A,1,2,0.0634150449474048,0.1192117456399662,0.8173732094126289
A_1_017,A,1,1,0.2625,0.5008,0.2367
A_1_018,A,1,1,0.1890078966866289,0.7248109163295404,0.0861811869838306
A_1_019,A,1,1,0.4726,0.4836,0.0437
A_1_020,A,1,1,0.1105573853200894,0.7174094184192648,0.1720331962606457
A_1_021,A,1,1,0.0993,0.8194,0.0813
A_1_022,A,1,1,0.0311067562096475,0.89881061328019,0.0700826305101624
A_1_023,A,1,0,0.5835,0.3956,0.0208
A_1_024,A,1,1,0.1479842945173292,0.6865456552472887,0.165470050235382
A_1_025,A,1,1,0.171,0.7023,0.1267
A_1_026,A,1,2,0.0441163169103,0.2261695543979389,0.729714128691761
A_1_027,A,1,2,0.1789956308998635,0.2895576808439134,0.531446688256223
A_1_028,A,1,1,0.0485,0.8129,0.1385
A_1_029,A,1,1,0.2508042332089746,0.4978213727766037,0.2513743940144216
A_1_030,A,1,2,0.1505,0.4439,0.4056
A_1_031,A,1,0,0.8628731644292372,0.0484847390429936,0.0886420965277691
A_1_032,A,1,1,0.2307113542405154,0.4935318756784034,0.2757567700810812
A_1_033,A,1,1,0.0514468080296257,0.9246273135646814,0.0239258784056928
A_1_034,A,1,2,0.0594,0.4206,0.5199
A_1_035,A,1,2,0.162,0.4045,0.4335
A_1_036,A,1,0,0.448,0.3321,0.2199
A_1_037,A,1,1,0.0311067562096475,0.89881061328019,0.0700826305101624
A_1_038,A,1,1,0.1562508296860246,0.6669508693465651,0.1767983009674102
A_1_039,A,1,2,0.1227,0.1994,0.6779
A_1_040,A,1,1,0.1123,0.6731,0.2146
A_1_041,A,1,1,0.0515,0.8107,0.1378
A_1_042,A,1,1,0.3555,0.6147,0.0298
A_1_043,A,1,1,0.0325,0.8057,0.1618
A_1_044,A,1,1,0.171,0.7023,0.1267
A_1_045,A,1,0,0.631,0.0797,0.2893
A_1_046,A,1,2,0.0468,0.2659,0.6873
A_1_047,A,1,1,0.1304,0.8396,0.03
A_1_048,A,1,1,0.1946,0.6915,0.1139
A_1_049,A,1,1,0.2224177981540789,0.5914278376916728,0.1861543641542482
A_1_050,A,1,1,0.1123,0.6731,0.2146
A_1_051,A,1,1,0.0325,0.8057,0.1618
A_1_052,A,1,1,0.2292,0.6732,0.0976
A_1_053,A,1,1,0.2118646395127934,0.631007120029489,0.1571282404577175
A_1_054,A,1,1,0.1100828122502125,0.6408286359262125,0.2490885518235749
A_1_055,A,1,1,0.2625,0.5008,0.2367
A_1_056,A,1,1,0.075545999224661,0.8129080748137205,0.1115459259616184
A_1_057,A,1,0,0.5628432185246157,0.1454244780501097,0.2917323034252745
A_1_058,A,1,1,0.2685,0.601,0.1305
A_1_059,A,1,1,0.0181,0.8434,0.1385
A_1_060,A,1,2,0.0246078052766659,0.1523514351835229,0.823040759539811
A_1_061,A,1,1,0.0515,0.8107,0.1378
A_1_062,A,1,1,0.0579,0.9361,0.006
A_1_063,A,1,2,0.0926673261913278,0.2076069175844261,0.699725756224246
A_1_064,A,1,2,0.0592,0.2141,0.7267
A_1_065,A,1,2,0.0887763509504122,0.1459296230104936,0.7652940260390941
A_1_066,A,1,1,0.1531884723408572,0.5940090193596799,0.2528025082994629
A_1_067,A,1,1,0.2307113542405154,0.4935318756784034,0.2757567700810812
A_1_068,A,1,1,0.2101,0.7896,0.0004
A_1_069,A,1,2,0.0774590544586,0.1957914230139685,0.7267495225274314
A_1_070,A,1,1,0.2951,0.624,0.0809
A_1_071,A,1,2,0.1906247306193823,0.2979760206076741,0.5113992487729436
A_1_072,A,1,1,0.1009731410293893,0.736005164632646,0.1630216943379646
A_0_000,A,0,0,0.8663582255514275,0.0896566390023152,0.0439851354462572
A_0_001,A,0,0,0.703493989902416,0.168286814851136,0.128219195246448
A_0_002,A,0,0,0.7863,0.0511,0.1627
A_0_003,A,0,0,0.913607626232362,0.0426790155007608,0.0437133582668771
A_0_004,A,0,0,0.859,0.1174,0.0236
A_0_005,A,0,0,0.6960010098751628,0.0977129915648331,0.206285998560004
A_0_006,A,0,0,0.8946,0.012,0.0935
A_0_007,A,0,0,0.8105418199545648,0.0960445478660052,0.0934136321794299
A_0_008,A,0,0,0.7140377696093502,0.1132708818546566,0.1726913485359931
A_0_009,A,0,0,0.7178631382380488,0.1449739789229048,0.1371628828390463
A_0_010,A,0,1,0.1869787896937008,0.5887651102324754,0.2242561000738238
A_0_011,A,0,0,0.8225317126398508,0.099294718102929,0.0781735692572201
A_0_012,A,0,0,0.8754,0.0477,0.0769
A_0_013,A,0,0,0.7293183635695747,0.1182806331165201,0.1524010033139051
A_0_014,A,0,0,0.8538498100746528,0.05366381823834,0.0924863716870071
A_0_015,A,0,1,0.0563094529263024,0.8855257390847716,0.0581648079889259
A_0_016,A,0,0,0.9622,0.0114,0.0264
A_0_017,A,0,0,0.7206354598596039,0.1893709571157738,0.0899935830246223
A_0_018,A,0,0,0.7436002605253437,0.1750580601045507,0.0813416793701056
A_0_019,A,0,0,0.7704925673312685,0.0968699650543906,0.1326374676143408
A_0_020,A,0,0,0.9461,0.0149,0.039
A_0_021,A,0,0,0.7456729196843648,0.086576982357476,0.1677500979581591
A_0_022,A,0,0,0.9573393989846368,0.0232690561226356,0.0193915448927274
A_0_023,A,0,0,0.8701,0.0628,0.0671
A_0_024,A,0,0,0.7561604740750497,0.1239491930745419,0.1198903328504083
A_0_025,A,0,0,0.7706,0.2121,0.0173
A_0_026,A,0,0,0.6696,0.2969,0.0335
A_0_027,A,0,0,0.7209773532239405,0.0944043004051503,0.1846183463709091
A_0_028,A,0,0,0.7877424753871191,0.102056013081241,0.1102015115316398
A_0_029,A,0,0,0.8048877966432214,0.1337486335790182,0.0613635697777604
A_0_030,A,0,0,0.7456729196843648,0.086576982357476,0.1677500979581591
A_0_031,A,0,0,0.8946,0.012,0.0935
A_0_032,A,0,0,0.8197,0.1719,0.0085
A_0_033,A,0,0,0.8663582255514275,0.0896566390023152,0.0439851354462572
A_0_034,A,0,0,0.6778354225684099,0.1376793609837683,0.1844852164478218
A_0_035,A,0,0,0.8705572655457277,0.0669611661032465,0.0624815683510258
A_0_036,A,0,0,0.9257210934483832,0.0288643544627051,0.0454145520889116
A_0_037,A,0,0,0.6913,0.1122,0.1965
A_0_038,A,0,0,0.6789322166151754,0.2211276641917712,0.0999401191930533
A_0_039,A,0,0,0.8071008266412959,0.0939403980499803,0.0989587753087237
A_0_040,A,0,0,0.8163046905579927,0.1050027008977781,0.0786926085442291
A_0_041,A,0,0,0.6685721950034802,0.2102384924582115,0.1211893125383082
A_0_042,A,0,0,0.8231327309677098,0.08825992109338,0.0886073479389101
A_0_043,A,0,0,0.7407999717662381,0.1719132623036334,0.0872867659301284
A_0_044,A,0,0,0.8946,0.012,0.0935
A_0_045,A,0,0,0.8197,0.1719,0.0085
A_0_046,A,0,0,0.8370164245824361,0.0737744050734563,0.0892091703441075
A_0_047,A,0,0,0.7907570801862916,0.1402492543852423,0.068993665428466
A_0_048,A,0,0,0.9622,0.0114,0.0264
A_0_049,A,0,0,0.7179,0.1508,0.1313
B_2_000,B,2,1,0.2236827101206967,0.4028762103405641,0.3734410795387392
B_2_001,B,2,2,0.09030880069394,0.0800098363779904,0.8296813629280695
B_2_002,B,2,0,0.725840538107724,0.1285609879252851,0.1455984739669908
B_2_003,B,2,1,0.2089,0.4559,0.3352
B_2_004,B,2,1,0.1184956942043241,0.6199494755872366,0.2615548302084393
B_2_005,B,2,2,0.1456697099116089,0.1904362552698251,0.6638940348185659
B_2_006,B,2,2,0.278790309982137,0.12058867500009,0.600621015017773
B_2_007,B,2,2,0.0111,0.1178,0.8711
B_2_008,B,2,2,0.0799748581329675,0.0361131915409803,0.8839119503260521
B_2_009,B,2,1,0.2089,0.4559,0.3352
B_2_010,B,2,2,0.0458,0.0626,0.8916
B_2_011,B,2,2,0.0984898935559822,0.0630576066547338,0.8384524997892839
B_2_012,B,2,2,0.1666276125280565,0.1430062396293361,0.6903661478426073
B_2_013,B,2,1,0.0604526041630546,0.5195456271831581,0.4200017686537872
B_2_014,B,2,2,0.1456697099116089,0.1904362552698251,0.6638940348185659
B_2_015,B,2,2,0.2564,0.0067,0.7369
B_2_016,B,2,2,0.0379,0.0059,0.9562
B_2_017,B,2,1,0.1308295426587861,0.6434726997406062,0.2256977576006076
B_2_018,B,2,2,0.0798635222225876,0.1566163915528848,0.7635200862245275
B_2_019,B,2,2,0.1456697099116089,0.1904362552698251,0.6638940348185659
B_2_020,B,2,1,0.0798,0.6077,0.3124
B_2_021,B,2,2,0.2058190045222863,0.2260550205640149,0.5681259749136987
B_2_022,B,2,2,0.0548515250629411,0.0928676338246853,0.8522808411123735
B_2_023,B,2,0,0.506621933758061,0.3300933015399722,0.1632847647019668
B_2_024,B,2,1,0.0952008926794908,0.4577794513103229,0.4470196560101862
B_2_025,B,2,2,0.0939514856820921,0.1129471587547123,0.7931013555631955
B_2_026,B,2,2,0.2058190045222863,0.2260550205640149,0.5681259749136987
B_2_027,B,2,2,0.2564,0.0067,0.7369
B_2_028,B,2,2,0.1211043733191053,0.1074525259959314,0.7714431006849632
B_2_029,B,2,2,0.1714278226329502,0.2540440594403814,0.5745281179266684
B_2_030,B,2,1,0.1704168385723875,0.5114242739196695,0.318158887507943
B_2_031,B,2,1,0.1827582908603146,0.4538384439337733,0.363403265205912
B_2_032,B,2,1,0.1721,0.5581,0.2698
B_2_033,B,2,2,0.1464242158267145,0.2549031983273831,0.5986725858459023
B_2_034,B,2,1,0.0653451207484987,0.7318045690968544,0.2028503101546468
B_2_035,B,2,0,0.6347320170391832,0.1126537846896101,0.2526141982712066
B_2_036,B,2,2,0.0413303352933366,0.0447128631262353,0.913956801580428
B_2_037,B,2,2,0.225432894803091,0.170362139357035,0.6042049658398739
B_2_038,B,2,2,0.0799748581329675,0.0361131915409803,0.8839119503260521
B_2_039,B,2,1,0.0949183617101403,0.5591963958722809,0.3458852424175788
B_2_040,B,2,0,0.6535,0.1134,0.2331
B_2_041,B,2,0,0.5505,0.3238,0.1257
B_2_042,B,2,2,0.0257984684638399,0.025050377508268,0.949151154027892
B_2_043,B,2,2,0.1143138528076554,0.0770793848579041,0.8086067623344404
B_2_044,B,2,2,0.0984898935559822,0.0630576066547338,0.8384524997892839
B_2_045,B,2,2,0.1992162740110688,0.2466052154747204,0.5541785105142107
B_2_046,B,2,2,0.1456697099116089,0.1904362552698251,0.6638940348185659
B_2_047,B,2,2,0.0935,0.072,0.8345
B_2_048,B,2,1,0.0369439527842708,0.8170493521591812,0.1460066950565479
B_2_049,B,2,2,0.2712925337047827,0.152778962176023,0.5759285041191943
B_2_050,B,2,1,0.1076826721186251,0.6207241792556875,0.2715931486256873
B_2_051,B,2,2,0.2414,0.0364,0.7223
B_2_052,B,2,0,0.4346530013205316,0.386884844351564,0.1784621543279043
B_2_053,B,2,0,0.655311060345493,0.1186126988167146,0.2260762408377923
B_2_054,B,2,2,0.0257984684638399,0.025050377508268,0.949151154027892
B_2_055,B,2,2,0.1714278226329502,0.2540440594403814,0.5745281179266684
B_2_056,B,2,2,0.0984898935559822,0.0630576066547338,0.8384524997892839
B_2_057,B,2,0,0.7427307937945092,0.1559146959546495,0.1013545102508412
B_2_058,B,2,0,0.5209717884773968,0.2503908095001245,0.2286374020224786
B_2_059,B,2,2,0.1111547378197371,0.0636073651791302,0.8252378970011326
B_2_060,B,2,1,0.1887299376830883,0.4079794371142404,0.4032906252026711
B_2_061,B,2,0,0.4346530013205316,0.386884844351564,0.1784621543279043
B_2_062,B,2,1,0.0369439527842708,0.8170493521591812,0.1460066950565479
B_2_063,B,2,1,0.0952008926794908,0.4577794513103229,0.4470196560101862
B_2_064,B,2,1,0.1827582908603146,0.4538384439337733,0.363403265205912
B_2_065,B,2,2,0.1798580238022057,0.0978672475508909,0.7222747286469033
B_2_066,B,2,2,0.1464242158267145,0.2549031983273831,0.5986725858459023
B_2_067,B,2,1,0.1345,0.4933,0.3721
B_2_068,B,2,1,0.1693932483892289,0.4937544963439992,0.3368522552667717
B_2_069,B,2,0,0.5357201395163698,0.2113534509167376,0.2529264095668926
B_2_070,B,2,2,0.002,0.072,0.926
B_1_000,B,1,1,0.1971471744541178,0.5626471473958594,0.2402056781500227
B_1_001,B,1,1,0.1129,0.8839,0.0032
B_1_002,B,1,1,0.3226483570515104,0.525939368249873,0.1514122746986165
B_1_003,B,1,1,0.0967266742255679,0.8374896597351519,0.0657836660392801
B_1_004,B,1,1,0.2625,0.5008,0.2367
B_1_005,B,1,1,0.1503,0.4966,0.3531
B_1_006,B,1,1,0.4584,0.5059,0.0356
B_1_007,B,1,1,0.3226483570515104,0.525939368249873,0.1514122746986165
B_1_008,B,1,1,0.1311779972990953,0.8059719631280832,0.0628500395728215
B_1_009,B,1,1,0.054218725502495,0.860540702549852,0.0852405719476528
B_1_010,B,1,2,0.1387687674644982,0.3083046873013196,0.552926545234182
B_1_011,B,1,1,0.0514141808256435,0.9134037013769534,0.0351821177974031
B_1_012,B,1,1,0.109939973217694,0.6628343408589814,0.2272256859233245
B_1_013,B,1,2,0.1456,0.3001,0.5543
B_1_014,B,1,1,0.17322974516082,0.5475790477432412,0.2791912070959387
B_1_015,B,1,1,0.1613776298563775,0.5956267899530009,0.2429955801906215
B_1_016,B,1,1,0.0618,0.5133,0.4249
B_1_017,B,1,1,0.1947092827630439,0.5495924596817267,0.2556982575552293
B_1_018,B,1,1,0.1095941590551937,0.7629889806445125,0.1274168603002937
B_1_019,B,1,1,0.097611679887983,0.7171655894861597,0.1852227306258572
B_1_020,B,1,1,0.1129,0.8839,0.0032
B_1_021,B,1,1,0.0598,0.9339,0.0064
B_1_022,B,1,1,0.3327,0.646,0.0212
B_1_023,B,1,2,0.1377651030808243,0.2292072009061359,0.6330276960130398
B_1_024,B,1,1,0.054162342424793,0.8431987680908579,0.102638889484349
B_1_025,B,1,1,0.1971471744541178,0.5626471473958594,0.2402056781500227
B_1_026,B,1,1,0.1277472571988706,0.8032524984796323,0.069000244321497
B_1_027,B,1,2,0.1147472199006843,0.2369126163100781,0.6483401637892375
B_1_028,B,1,1,0.0325,0.8057,0.1618
B_1_029,B,1,1,0.075545999224661,0.8129080748137205,0.1115459259616184
B_1_030,B,1,1,0.0504018910777692,0.9147599276932528,0.034838181228978
B_1_031,B,1,1,0.2335697317239866,0.6512654964582831,0.1151647718177302
B_1_032,B,1,1,0.1562508296860246,0.6669508693465651,0.1767983009674102
B_1_033,B,1,1,0.0648697861105766,0.8984821342363496,0.0366480796530737
B_1_034,B,1,2,0.0184,0.0848,0.8968
B_1_035,B,1,2,0.1546318930594567,0.3064212544772673,0.5389468524632759
B_1_036,B,1,1,0.0931300905456307,0.7642833301901462,0.1425865792642231
B_1_037,B,1,1,0.0762,0.724,0.1999
B_1_038,B,1,1,0.0514468080296257,0.9246273135646814,0.0239258784056928
B_1_039,B,1,1,0.0762,0.724,0.1999
B_1_040,B,1,0,0.73526509541164,0.1070596621076821,0.1576752424806778
B_1_041,B,1,1,0.075545999224661,0.8129080748137205,0.1115459259616184
B_1_042,B,1,2,0.0592,0.2141,0.7267
B_1_043,B,1,1,0.0542280740165244,0.8433862750938186,0.1023856508896569
B_1_044,B,1,1,0.0993,0.8194,0.0813
B_1_045,B,1,1,0.1142399467537366,0.7374491330790767,0.1483109201671866
B_1_046,B,1,1,0.1466,0.8385,0.0149
B_1_047,B,1,0,0.73526509541164,0.1070596621076821,0.1576752424806778
B_1_048,B,1,1,0.0371,0.9039,0.059
B_1_049,B,1,1,0.2569861746702034,0.6234724767262546,0.119541348603542
B_1_050,B,1,1,0.111409996697672,0.8343218056285542,0.0542681976737738
B_1_051,B,1,2,0.1135309050665195,0.2814085877468408,0.6050605071866396
B_1_052,B,1,1,0.1100828122502125,0.6408286359262125,0.2490885518235749
B_1_053,B,1,1,0.0626158815840041,0.8291304211980843,0.1082536972179115
B_1_054,B,1,0,0.5835,0.3956,0.0208
B_1_055,B,1,0,0.8628731644292372,0.0484847390429936,0.0886420965277691
B_1_056,B,1,0,0.819125194007713,0.1046257495538038,0.0762490564384832
B_1_057,B,1,1,0.0319,0.7172,0.2509
B_1_058,B,1,1,0.0348581758820468,0.8927655311030349,0.0723762930149182
B_1_059,B,1,1,0.1100828122502125,0.6408286359262125,0.2490885518235749
B_1_060,B,1,1,0.0626,0.9223,0.0151
B_1_061,B,1,1,0.314,0.5984,0.0875
B_1_062,B,1,2,0.0242,0.2084,0.7674
B_1_063,B,1,2,0.096,0.4891,0.4149
B_1_064,B,1,1,0.0316436843834601,0.9229257572728184,0.0454305583437214
B_1_065,B,1,1,0.3226483570515104,0.525939368249873,0.1514122746986165
B_1_066,B,1,1,0.2159622832704492,0.5222774451644268,0.261760271565124
B_1_067,B,1,1,0.1304,0.8396,0.03
B_1_068,B,1,2,0.0379,0.1939,0.7682
B_1_069,B,1,1,0.2307113542405154,0.4935318756784034,0.2757567700810812
B_1_070,B,1,1,0.0542280740165244,0.8433862750938186,0.1023856508896569
B_1_071,B,1,1,0.075545999224661,0.8129080748137205,0.1115459259616184
B_1_072,B,1,1,0.0542280740165244,0.8433862750938186,0.1023856508896569
B_1_073,B,1,2,0.0379,0.1939,0.7682
B_1_074,B,1,2,0.0460033838048926,0.1958911303683401,0.7581054858267672
B_1_075,B,1,1,0.2083606961268095,0.563550573270305,0.2280887306028854
B_1_076,B,1,1,0.0992,0.8905,0.0103
B_1_077,B,1,1,0.1058165745620472,0.7946962530573715,0.0994871723805812
B_1_078,B,1,1,0.1290218044126498,0.634339248882454,0.2366389467048961
B_1_079,B,1,1,0.1067,0.8193,0.074
B_1_080,B,1,1,0.1002,0.5956,0.3042
B_1_081,B,1,1,0.1164500904311711,0.7772138617466557,0.1063360478221731
B_1_082,B,1,2,0.0926673261913278,0.2076069175844261,0.699725756224246
B_1_083,B,1,2,0.0246078052766659,0.1523514351835229,0.823040759539811
B_1_084,B,1,1,0.1010008126313034,0.8549384015231034,0.0440607858455931
B_1_085,B,1,1,0.3327,0.646,0.0212
B_1_086,B,1,2,0.0242,0.2084,0.7674
B_1_087,B,1,2,0.0379,0.1939,0.7682
B_1_088,B,1,1,0.1015008600067651,0.8127466812186346,0.0857524587746002
B_1_089,B,1,1,0.0348581758820468,0.8927655311030349,0.0723762930149182
B_1_090,B,1,2,0.0379,0.1939,0.7682
B_1_091,B,1,1,0.0181,0.8434,0.1385
B_1_092,B,1,2,0.0941459479463651,0.3785919030471552,0.5272621490064797
B_1_093,B,1,2,0.1363099533585789,0.3929637719315211,0.4707262747098998
B_1_094,B,1,1,0.3226483570515104,0.525939368249873,0.1514122746986165
B_0_000,B,0,0,0.8841,0.024,0.0919
B_0_001,B,0,0,0.8051769456424089,0.0606519451456658,0.1341711092119252
B_0_002,B,0,0,0.6808508125561018,0.1640248920371525,0.1551242954067456
B_0_003,B,0,0,0.799,0.1588,0.0422
B_0_004,B,0,0,0.7303,0.2283,0.0414
B_0_005,B,0,0,0.930319844951107,0.0480943935878863,0.0215857614610067
B_0_006,B,0,0,0.9467720493122492,0.0340213227182689,0.0192066279694819
B_0_007,B,0,0,0.7502,0.2262,0.0236
B_0_008,B,0,0,0.7734,0.1778,0.0488
B_0_009,B,0,0,0.6865326172730855,0.1795749524543954,0.1338924302725191
B_0_010,B,0,0,0.9581671030638867,0.0239643542788443,0.0178685426572689
B_0_011,B,0,0,0.7704925673312685,0.0968699650543906,0.1326374676143408
B_0_012,B,0,0,0.8663582255514275,0.0896566390023152,0.0439851354462572
B_0_013,B,0,0,0.7240882603128524,0.1698083864682609,0.1061033532188866
B_0_014,B,0,0,0.8700892789323258,0.0640864080434724,0.0658243130242017
B_0_015,B,0,0,0.8946,0.012,0.0935
B_0_016,B,0,0,0.9573393989846368,0.0232690561226356,0.0193915448927274
B_0_017,B,0,0,0.7322306768530199,0.0820892026612388,0.1856801204857412
B_0_018,B,0,0,0.791840214212283,0.0723150139316111,0.1358447718561058
B_0_019,B,0,0,0.7704925673312685,0.0968699650543906,0.1326374676143408
B_0_020,B,0,0,0.6808508125561018,0.1640248920371525,0.1551242954067456
B_0_021,B,0,0,0.868,0.1239,0.0081
B_0_022,B,0,0,0.7206354598596039,0.1893709571157738,0.0899935830246223
B_0_023,B,0,0,0.9622,0.0114,0.0264
B_0_024,B,0,0,0.9279546372617636,0.0502473019278144,0.021798060810422
B_0_025,B,0,0,0.7918,0.0247,0.1835
B_0_026,B,0,0,0.8850717986564355,0.0361620819992938,0.0787661193442706
B_0_027,B,0,0,0.8542788707956239,0.0909353030126629,0.0547858261917131
B_0_028,B,0,0,0.7387266465921162,0.1806994064170708,0.0805739469908129
B_0_029,B,0,0,0.8312387443252166,0.0966196733782989,0.0721415822964844
B_0_030,B,0,0,0.9303,0.0591,0.0106
B_0_031,B,0,0,0.7706,0.2121,0.0173
B_0_032,B,0,0,0.6958,0.2316,0.0726
B_0_033,B,0,0,0.7877424753871191,0.102056013081241,0.1102015115316398
B_0_034,B,0,0,0.9154,0.0374,0.0471
B_0_035,B,0,0,0.9279546372617636,0.0502473019278144,0.021798060810422
B_0_036,B,0,0,0.6807,0.1424,0.1769
B_0_037,B,0,0,0.8126964403283892,0.0882854380479922,0.0990181216236186
B_0_038,B,0,0,0.7996063536303092,0.0635326114578985,0.1368610349117923
B_0_039,B,0,0,0.8538498100746528,0.05366381823834,0.0924863716870071
B_0_040,B,0,0,0.7991,0.0483,0.1525
B_0_041,B,0,0,0.891030872913791,0.0428137015478538,0.0661554255383551
B_0_042,B,0,0,0.8163,0.1247,0.059
B_0_043,B,0,0,0.8163,0.1247,0.059
B_0_044,B,0,2,0.0175,0.1045,0.8781
B_0_045,B,0,0,0.7209773532239405,0.0944043004051503,0.1846183463709091
B_0_046,B,0,0,0.9257210934483832,0.0288643544627051,0.0454145520889116
B_0_047,B,0,0,0.7996063536303092,0.0635326114578985,0.1368610349117923
B_0_048,B,0,0,0.8459021615913309,0.0940956192304683,0.0600022191782007
B_0_049,B,0,0,0.8197,0.1719,0.0085
C_2_000,C,2,2,0.0418,0.0008,0.9574
C_2_001,C,2,0,0.472,0.1242,0.4038
C_2_002,C,2,1,0.2033,0.4496,0.3471
C_2_003,C,2,2,0.1842,0.2117,0.6042
C_2_004,C,2,2,0.2015,0.1597,0.6388
C_2_005,C,2,2,0.1353,0.2133,0.6514
C_2_006,C,2,2,0.2414,0.0364,0.7223
C_2_007,C,2,2,0.002,0.072,0.926
C_2_008,C,2,2,0.2053,0.1533,0.6414
C_2_009,C,2,0,0.4955,0.5021,0.0024
C_2_010,C,2,2,0.0111,0.1178,0.8711
C_2_011,C,2,2,0.0845,0.0397,0.8758
C_2_012,C,2,1,0.1798,0.5195,0.3007
C_2_013,C,2,2,0.3174,0.2005,0.4821
C_2_014,C,2,0,0.6535,0.1134,0.2331
C_2_015,C,2,0,0.5505,0.3238,0.1257
C_2_016,C,2,2,0.073,0.1085,0.8185
C_2_017,C,2,1,0.1116,0.521,0.3674
C_2_018,C,2,2,0.2564,0.0067,0.7369
C_2_019,C,2,2,0.0499,0.0232,0.9269
C_2_020,C,2,1,0.0798,0.6077,0.3124
C_2_021,C,2,2,0.0832,0.2959,0.6208
C_2_022,C,2,1,0.1721,0.5581,0.2698
C_2_023,C,2,1,0.0582,0.6569,0.2849
C_2_024,C,2,2,0.0155,0.4262,0.5584
C_2_025,C,2,2,0.0666,0.0205,0.9129
C_2_026,C,2,1,0.0941,0.4173,0.4886
C_2_027,C,2,2,0.0483,0.0526,0.8991
C_2_028,C,2,0,0.4345,0.5591,0.0064
C_2_029,C,2,2,0.3226,0.0057,0.6717
C_2_030,C,2,2,0.1468,0.0279,0.8252
C_2_031,C,2,1,0.1345,0.4933,0.3721
C_2_032,C,2,2,0.0142,0.2616,0.7242
C_2_033,C,2,1,0.0858,0.7225,0.1916
C_2_034,C,2,2,0.2434,0.1396,0.6171
C_2_035,C,2,2,0.0379,0.0059,0.9562
C_2_036,C,2,2,0.1934,0.195,0.6116
C_2_037,C,2,1,0.2089,0.4559,0.3352
C_2_038,C,2,2,0.1226,0.1963,0.6811
C_2_039,C,2,2,0.2003,0.2481,0.5516
C_2_040,C,2,2,0.3719,0.138,0.4901
C_2_041,C,2,2,0.0458,0.0626,0.8916
C_2_042,C,2,2,0.0935,0.072,0.8345
C_1_000,C,1,1,0.2951,0.624,0.0809
C_1_001,C,1,1,0.0764,0.6959,0.2276
C_1_002,C,1,1,0.4584,0.5059,0.0356
C_1_003,C,1,1,0.1637,0.5542,0.2821
C_1_004,C,1,1,0.0993,0.8194,0.0813
C_1_005,C,1,0,0.638,0.3424,0.0196
C_1_006,C,1,1,0.0264,0.9492,0.0245
C_1_007,C,1,1,0.1652,0.8155,0.0193
C_1_008,C,1,1,0.0388,0.914,0.0472
C_1_009,C,1,1,0.4576,0.5238,0.0187
C_1_010,C,1,1,0.0182,0.8653,0.1164
C_1_011,C,1,1,0.0223,0.7635,0.2142
C_1_012,C,1,1,0.1129,0.8839,0.0032
C_1_013,C,1,1,0.3602,0.5759,0.0639
C_1_014,C,1,1,0.4726,0.4836,0.0437
C_1_015,C,1,1,0.314,0.5984,0.0875
C_1_016,C,1,1,0.0716,0.9034,0.0251
C_1_017,C,1,1,0.1906,0.5681,0.2412
C_1_018,C,1,1,0.2685,0.601,0.1305
C_1_019,C,1,2,0.0242,0.2084,0.7674
C_1_020,C,1,2,0.0594,0.4206,0.5199
C_1_021,C,1,1,0.1304,0.8396,0.03
C_1_022,C,1,1,0.3555,0.6147,0.0298
C_1_023,C,1,1,0.0579,0.9361,0.006
C_1_024,C,1,2,0.162,0.4045,0.4335
C_1_025,C,1,1,0.0597,0.7192,0.2211
C_1_026,C,1,2,0.1227,0.1994,0.6779
C_1_027,C,1,1,0.0181,0.8434,0.1385
C_1_028,C,1,1,0.0618,0.5133,0.4249
C_1_029,C,1,1,0.1946,0.6915,0.1139
C_1_030,C,1,2,0.0807,0.337,0.5823
C_1_031,C,1,1,0.0762,0.724,0.1999
C_1_032,C,1,1,0.1002,0.5956,0.3042
C_1_033,C,1,1,0.171,0.7023,0.1267
C_1_034,C,1,1,0.0992,0.8905,0.0103
C_1_035,C,1,2,0.0468,0.2659,0.6873
C_1_036,C,1,2,0.1856,0.3673,0.4471
C_1_037,C,1,1,0.0598,0.9339,0.0064
C_1_038,C,1,1,0.1067,0.8193,0.074
C_1_039,C,1,1,0.0938,0.5476,0.3587
C_1_040,C,1,1,0.235,0.6385,0.1265
C_1_041,C,1,2,0.0996,0.1991,0.7013
C_1_042,C,1,2,0.0379,0.1939,0.7682
C_1_043,C,1,2,0.1505,0.4439,0.4056
C_1_044,C,1,1,0.0626,0.9223,0.0151
C_1_045,C,1,1,0.0325,0.8057,0.1618
C_1_046,C,1,2,0.1141,0.4334,0.4526
C_1_047,C,1,1,0.0877,0.8348,0.0775
C_1_048,C,1,1,0.1437,0.8549,0.0014
C_1_049,C,1,1,0.1123,0.6731,0.2146
C_1_050,C,1,1,0.1503,0.4966,0.3531
C_1_051,C,1,1,0.0371,0.9039,0.059
C_1_052,C,1,1,0.2292,0.6732,0.0976
C_1_053,C,1,1,0.0203,0.9323,0.0473
C_1_054,C,1,1,0.2101,0.7896,0.0004
C_1_055,C,1,2,0.096,0.4891,0.4149
C_1_056,C,1,1,0.3327,0.646,0.0212
C_1_057,C,1,1,0.0058,0.6408,0.3533
C_1_058,C,1,2,0.1917,0.4,0.4083
C_1_059,C,1,2,0.1386,0.2102,0.6512
C_1_060,C,1,0,0.631,0.0797,0.2893
C_1_061,C,1,2,0.0184,0.0848,0.8968
C_1_062,C,1,2,0.1456,0.3001,0.5543
C_1_063,C,1,2,0.0545,0.1267,0.8188
C_1_064,C,1,1,0.0319,0.7172,0.2509
C_1_065,C,1,1,0.2625,0.5008,0.2367
C_1_066,C,1,1,0.0022,0.8522,0.1457
C_1_067,C,1,1,0.0668,0.5217,0.4115
C_1_068,C,1,1,0.0218,0.8965,0.0817
C_1_069,C,1,2,0.0178,0.1441,0.8381
C_1_070,C,1,1,0.0515,0.8107,0.1378
C_1_071,C,1,2,0.039,0.105,0.8559
C_1_072,C,1,2,0.0592,0.2141,0.7267
C_1_073,C,1,1,0.0983,0.8586,0.0431
C_1_074,C,1,2,0.0182,0.1429,0.8389
C_1_075,C,1,1,0.0485,0.8129,0.1385
C_1_076,C,1,1,0.0684,0.911,0.0205
C_1_077,C,1,1,0.1463,0.7657,0.0881
C_1_078,C,1,0,0.5835,0.3956,0.0208
C_1_079,C,1,0,0.4533,0.0416,0.5051
C_1_080,C,1,0,0.448,0.3321,0.2199
C_1_081,C,1,1,0.1466,0.8385,0.0149
C_0_000,C,0,0,0.6958,0.2316,0.0726
C_0_001,C,0,0,0.799,0.1588,0.0422
C_0_002,C,0,0,0.8153,0.0792,0.1055
C_0_003,C,0,0,0.7734,0.1778,0.0488
C_0_004,C,0,1,0.125,0.4302,0.4447
C_0_005,C,0,2,0.0175,0.1045,0.8781
C_0_006,C,0,0,0.868,0.1239,0.0081
C_0_007,C,0,0,0.6853,0.0932,0.2215
C_0_008,C,0,0,0.9303,0.0591,0.0106
C_0_009,C,0,0,0.8273,0.1079,0.0648
C_0_010,C,0,0,0.8253,0.036,0.1386
C_0_011,C,0,0,0.7917,0.1106,0.0977
C_0_012,C,0,0,0.8228,0.1702,0.0069
C_0_013,C,0,0,0.8338,0.0411,0.1252
C_0_014,C,0,0,0.852,0.0824,0.0656
C_0_015,C,0,0,0.9622,0.0114,0.0264
C_0_016,C,0,0,0.7014,0.2461,0.0525
C_0_017,C,0,0,0.7706,0.2121,0.0173
C_0_018,C,0,0,0.6654,0.1719,0.1627
C_0_019,C,0,0,0.6913,0.1122,0.1965
C_0_020,C,0,0,0.7991,0.0483,0.1525
C_0_021,C,0,0,0.8197,0.1719,0.0085
C_0_022,C,0,1,0.0333,0.7067,0.26
C_0_023,C,0,0,0.781,0.2176,0.0014
C_0_024,C,0,0,0.6897,0.2953,0.015
C_0_025,C,0,0,0.8754,0.0477,0.0769
C_0_026,C,0,0,0.8452,0.1167,0.0381
C_0_027,C,0,0,0.6848,0.1828,0.1324
C_0_028,C,0,0,0.8263,0.0587,0.115
C_0_029,C,0,0,0.9154,0.0374,0.0471
C_0_030,C,0,0,0.9461,0.0149,0.039
C_0_031,C,0,0,0.8946,0.012,0.0935
C_0_032,C,0,0,0.7303,0.2283,0.0414
C_0_033,C,0,0,0.6696,0.2969,0.0335
C_0_034,C,0,0,0.859,0.1174,0.0236
C_0_035,C,0,0,0.7179,0.1508,0.1313
C_0_036,C,0,0,0.7863,0.0511,0.1627
C_0_037,C,0,0,0.6789,0.312,0.009
C_0_038,C,0,0,0.9303,0.068,0.0017
C_0_039,C,0,0,0.8706,0.0703,0.0591
C_0_040,C,0,0,0.9421,0.0537,0.0043
C_0_041,C,0,0,0.7918,0.0247,0.1835
C_0_042,C,0,0,0.8163,0.1247,0.059
C_0_043,C,0,0,0.8049,0.188,0.0071
C_0_044,C,0,0,0.8225,0.1151,0.0623
C_0_045,C,0,0,0.8701,0.0628,0.0671
C_0_046,C,0,0,0.8841,0.024,0.0919
C_0_047,C,0,0,0.6807,0.1424,0.1769
C_0_048,C,0,0,0.7457,0.0257,0.2286
C_0_049,C,0,0,0.7502,0.2262,0.0236
D_2_000,D,2,2,0.1889548417173631,0.1722643865428365,0.6387807717398004
D_2_001,D,2,0,0.5357201395163698,0.2113534509167376,0.2529264095668926
D_2_002,D,2,2,0.1798580238022057,0.0978672475508909,0.7222747286469033
D_2_003,D,2,0,0.7530723996322104,0.0768091141093032,0.1701184862584863
D_2_004,D,2,2,0.1897040393670563,0.1688802965788737,0.6414156640540699
D_2_005,D,2,2,0.278790309982137,0.12058867500009,0.600621015017773
D_2_006,D,2,2,0.043098192963649,0.0857658460371432,0.8711359609992078
D_2_007,D,2,2,0.0710568378043249,0.0531278145323451,0.8758153476633299
D_2_008,D,2,1,0.0604526041630546,0.5195456271831581,0.4200017686537872
D_2_009,D,2,2,0.2823231622445756,0.2355605395098616,0.4821162982455627
D_2_010,D,2,2,0.0861036328380907,0.1137164154056066,0.8001799517563026
D_2_011,D,2,2,0.1940609483208246,0.1358862302723286,0.6700528214068467
D_2_012,D,2,2,0.0836617695110267,0.0978392334940807,0.8184989969948926
D_2_013,D,2,0,0.5209717884773968,0.2503908095001245,0.2286374020224786
D_2_014,D,2,2,0.1815015880985333,0.081610818789305,0.7368875931121617
D_2_015,D,2,2,0.0418990326102428,0.0311864233836835,0.9269145440060736
D_2_016,D,2,2,0.1447584870925234,0.1128488060013992,0.7423927069060774
D_2_017,D,2,1,0.0810225946392056,0.5115054225196566,0.4074719828411378
D_2_018,D,2,2,0.1006161570038275,0.2196581324932237,0.6797257105029487
D_2_019,D,2,0,0.6569040394515133,0.208269173415572,0.1348267871329146
D_2_020,D,2,2,0.1386859437243568,0.3029627523447331,0.55835130393091
D_2_021,D,2,0,0.7427307937945092,0.1559146959546495,0.1013545102508412
D_2_022,D,2,1,0.1972493556756663,0.4173295122222871,0.3854211321020466
D_2_023,D,2,1,0.0653451207484987,0.7318045690968544,0.2028503101546468
D_2_024,D,2,0,0.4345187456985115,0.3932798688694423,0.1722013854320461
D_2_025,D,2,2,0.2275144607961802,0.1007775618261073,0.6717079773777124
D_2_026,D,2,2,0.1111547378197371,0.0636073651791302,0.8252378970011326
D_2_027,D,2,1,0.1188177173796295,0.4933499014129039,0.3878323812074665
D_2_028,D,2,2,0.0884254746020786,0.1873565499741361,0.7242179754237853
D_2_029,D,2,2,0.0473764099976318,0.0652052879239274,0.8874183020784406
D_2_030,D,2,2,0.2122258743091399,0.1707168843700835,0.6170572413207766
D_2_031,D,2,1,0.0801889838518247,0.7769808757211925,0.1428301404269828
D_2_032,D,2,1,0.1236559911808928,0.5041854462812019,0.3721585625379053
D_2_033,D,2,1,0.0631890952455604,0.4558788081208861,0.4809320966335533
D_2_034,D,2,1,0.0949183617101403,0.5591963958722809,0.3458852424175788
D_2_035,D,2,2,0.214620865765421,0.2337643939424076,0.5516147402921713
D_2_036,D,2,1,0.1887299376830883,0.4079794371142404,0.4032906252026711
D_2_037,D,2,0,0.725840538107724,0.1285609879252851,0.1455984739669908
D_2_038,D,2,2,0.0870739031997478,0.0784673239858169,0.8344587728144353
D_2_039,D,2,0,0.51396342970325,0.2983897076101968,0.1876468626865531
D_2_040,D,2,1,0.0752673210418637,0.5709539103695944,0.3537787685885418
D_2_041,D,2,2,0.3315864329418282,0.1624779420914683,0.5059356249667034
D_2_042,D,2,2,0.1992162740110688,0.2466052154747204,0.5541785105142107
D_2_043,D,2,1,0.0877607078462892,0.6687020557184138,0.243537236435297
D_2_044,D,2,2,0.1488092630638275,0.0705471805596337,0.7806435563765387
D_2_045,D,2,2,0.0257984684638399,0.025050377508268,0.949151154027892
D_2_046,D,2,2,0.1214014770927847,0.0630553096691308,0.8155432132380844
D_2_047,D,2,2,0.0413303352933366,0.0447128631262353,0.913956801580428
D_2_048,D,2,0,0.4346530013205316,0.386884844351564,0.1784621543279043
D_2_049,D,2,2,0.0476846318710461,0.0869706302909126,0.8653447378380412
D_2_050,D,2,2,0.0798635222225876,0.1566163915528848,0.7635200862245275
D_2_051,D,2,2,0.0799748581329675,0.0361131915409803,0.8839119503260521
D_2_052,D,2,2,0.2712925337047827,0.152778962176023,0.5759285041191943
D_2_053,D,2,1,0.2236827101206967,0.4028762103405641,0.3734410795387392
D_2_054,D,2,1,0.1693932483892289,0.4937544963439992,0.3368522552667717
D_2_055,D,2,1,0.085318599053505,0.7351766721966161,0.1795047287498788
D_2_056,D,2,2,0.2058190045222863,0.2260550205640149,0.5681259749136987
D_2_057,D,2,2,0.227095347926483,0.1719173636614843,0.6009872884120326
D_2_058,D,2,2,0.038824622606615,0.0170730904578245,0.9441022869355604
D_2_059,D,2,2,0.246274196637911,0.1222538598167353,0.6314719435453536
D_2_060,D,2,2,0.1003071185105362,0.0601348794562944,0.8395580020331693
D_2_061,D,2,0,0.506621933758061,0.3300933015399722,0.1632847647019668
D_1_000,D,1,0,0.7610831664578868,0.1583281938594597,0.0805886396826535
D_1_001,D,1,1,0.2159622832704492,0.5222774451644268,0.261760271565124
D_1_002,D,1,1,0.108099379968177,0.7192035011751395,0.1726971188566834
D_1_003,D,1,1,0.0549976421567411,0.8309847212650088,0.1140176365782501
D_1_004,D,1,1,0.0542280740165244,0.8433862750938186,0.1023856508896569
D_1_005,D,1,2,0.0792004213122726,0.4944142943462079,0.4263852843415194
D_1_006,D,1,2,0.1251227273784831,0.3074460089284268,0.56743126369309
D_1_007,D,1,1,0.1668464705971161,0.7102191816625092,0.1229343477403746
D_1_008,D,1,2,0.0743607802614307,0.3325090203852422,0.593130199353327
D_1_009,D,1,1,0.1613776298563775,0.5956267899530009,0.2429955801906215
D_1_010,D,1,1,0.1577240598305886,0.7022707952430525,0.1400051449263588
D_1_011,D,1,1,0.0725041945803449,0.8905257186980182,0.0369700867216368
D_1_012,D,1,1,0.0995717027825116,0.8428652472890155,0.0575630499284728
D_1_013,D,1,1,0.1776013444699819,0.5394753165196564,0.2829233390103616
D_1_014,D,1,1,0.0437643670929374,0.9338502020056698,0.0223854309013927
D_1_015,D,1,1,0.0968761834453967,0.8192961909197097,0.0838276256348935
D_1_016,D,1,1,0.17322974516082,0.5475790477432412,0.2791912070959387
D_1_017,D,1,1,0.2024591471706572,0.6385052968099243,0.1590355560194184
D_1_018,D,1,1,0.054218725502495,0.860540702549852,0.0852405719476528
D_1_019,D,1,2,0.0780242135828633,0.1537482695241099,0.7682275168930267
D_1_020,D,1,1,0.2543097197199172,0.4870156105205845,0.2586746697594982
D_1_021,D,1,1,0.0483314611360399,0.922300692892604,0.0293678459713561
D_1_022,D,1,1,0.0713037278335339,0.8056926686395122,0.1230036035269539
D_1_023,D,1,1,0.2519709078261514,0.5463902945418806,0.201638797631968
D_1_024,D,1,1,0.0846421889855038,0.8348039652055284,0.0805538458089677
D_1_025,D,1,1,0.1010008126313034,0.8549384015231034,0.0440607858455931
D_1_026,D,1,1,0.142975898013072,0.6731266652158681,0.1838974367710599
D_1_027,D,1,1,0.2111256783870399,0.496635651296638,0.2922386703163219
D_1_028,D,1,1,0.0436589033864949,0.9039437660637042,0.0523973305498008
D_1_029,D,1,2,0.1387687674644982,0.3083046873013196,0.552926545234182
D_1_030,D,1,2,0.0460033838048926,0.1958911303683401,0.7581054858267672
D_1_031,D,1,1,0.1471559429713106,0.7895569358953716,0.0632871211333178
D_1_032,D,1,1,0.3080558553279302,0.4987992039994312,0.1931449406726386
D_1_033,D,1,2,0.1789956308998635,0.2895576808439134,0.531446688256223
D_1_034,D,1,1,0.1100828122502125,0.6408286359262125,0.2490885518235749
D_1_035,D,1,1,0.2044544700038728,0.4905443692171083,0.3050011607790189
D_1_036,D,1,0,0.8859278997755671,0.0346239417870206,0.0794481584374123
D_1_037,D,1,1,0.0881546904492642,0.7718291656744674,0.1400161438762683
D_1_038,D,1,1,0.0967266742255679,0.8374896597351519,0.0657836660392801
D_1_039,D,1,1,0.1292754126201826,0.6749589132940014,0.1957656740858159
D_1_040,D,1,1,0.1947092827630439,0.5495924596817267,0.2556982575552293
D_1_041,D,1,1,0.097611679887983,0.7171655894861597,0.1852227306258572
D_1_042,D,1,1,0.2547868867994507,0.5007541132688719,0.2444589999316774
D_1_043,D,1,1,0.0452130969023882,0.8521684795663643,0.1026184235312474
D_1_044,D,1,2,0.0804437321060217,0.4865413080248743,0.4330149598691039
D_1_045,D,1,2,0.0441163169103,0.2261695543979389,0.729714128691761
D_1_046,D,1,2,0.1906247306193823,0.2979760206076741,0.5113992487729436
D_1_047,D,1,1,0.0773856652211603,0.8107036684775855,0.1119106663012541
D_1_048,D,1,1,0.1479842945173292,0.6865456552472887,0.165470050235382
D_1_049,D,1,2,0.0774590544586,0.1957914230139685,0.7267495225274314
D_1_050,D,1,2,0.0926673261913278,0.2076069175844261,0.699725756224246
D_1_051,D,1,1,0.2569861746702034,0.6234724767262546,0.119541348603542
D_1_052,D,1,1,0.075545999224661,0.8129080748137205,0.1115459259616184
D_1_053,D,1,2,0.027542159146312,0.0557177047506121,0.9167401361030758
D_1_054,D,1,1,0.1288102603447822,0.7656561496202597,0.1055335900349579
D_1_055,D,1,1,0.1959437776588311,0.7118491178299842,0.0922071045111847
D_1_056,D,1,2,0.0671606849209396,0.4795776389318931,0.4532616761471672
D_1_057,D,1,1,0.2483917046818805,0.5405853378895163,0.211022957428603
D_1_058,D,1,1,0.1070754794840177,0.8385264629768411,0.0543980575391411
D_1_059,D,1,1,0.2808439947213666,0.5354034561997857,0.1837525490788477
D_1_060,D,1,1,0.1877727111148197,0.6951858455784641,0.1170414433067161
D_1_061,D,1,1,0.1318056319018807,0.7204497665487044,0.1477446015494148
D_1_062,D,1,2,0.1546318930594567,0.3064212544772673,0.5389468524632759
D_1_063,D,1,1,0.1868276214243333,0.5182093642399402,0.2949630143357264
D_1_064,D,1,1,0.0828151216628381,0.7682452534181217,0.1489396249190401
D_1_065,D,1,1,0.1336845250118262,0.8020803979236315,0.0642350770645422
D_1_066,D,1,1,0.2012048530262773,0.5192204251071173,0.2795747218666053
D_1_067,D,1,1,0.0648697861105766,0.8984821342363496,0.0366480796530737
D_1_068,D,1,2,0.1135309050665195,0.2814085877468408,0.6050605071866396
D_1_069,D,1,1,0.1009731410293893,0.736005164632646,0.1630216943379646
D_1_070,D,1,1,0.1620011744627698,0.683865311940631,0.1541335135965991
D_1_071,D,1,1,0.1833168666075321,0.7321458187530792,0.0845373146393887
D_1_072,D,1,1,0.1000691314637923,0.749066913525247,0.1508639550109606
D_1_073,D,1,1,0.1164500904311711,0.7772138617466557,0.1063360478221731
D_1_074,D,1,1,0.0219257844518243,0.9478971725621814,0.0301770429859942
D_1_075,D,1,2,0.0634150449474048,0.1192117456399662,0.8173732094126289
D_1_076,D,1,1,0.2335697317239866,0.6512654964582831,0.1151647718177302
D_1_077,D,1,2,0.1507675970341409,0.4425833810894952,0.4066490218763638
D_1_078,D,1,1,0.210039295815414,0.5284154758438391,0.2615452283407469
D_1_079,D,1,1,0.1206959812320006,0.6954152009261768,0.1838888178418225
D_1_080,D,1,1,0.185830187086268,0.7272184657668365,0.0869513471468954
D_1_081,D,1,2,0.0393321665758892,0.253962969141306,0.7067048642828047
D_1_082,D,1,2,0.1798299037219203,0.2718704207220691,0.5482996755560106
D_1_083,D,1,1,0.3226483570515104,0.525939368249873,0.1514122746986165
D_1_084,D,1,1,0.0844964252313905,0.8134891316713067,0.1020144430973027
D_1_085,D,1,2,0.1216266758662447,0.2513093592339556,0.6270639648997997
D_1_086,D,1,1,0.2561993794973907,0.518389211366482,0.2254114091361273
D_1_087,D,1,1,0.1142399467537366,0.7374491330790767,0.1483109201671866
D_1_088,D,1,1,0.0593836034093996,0.8755059676603255,0.0651104289302748
D_1_089,D,1,1,0.0316436843834601,0.9229257572728184,0.0454305583437214
D_1_090,D,1,1,0.054162342424793,0.8431987680908579,0.102638889484349
D_1_091,D,1,2,0.1818607833947956,0.3319140390422753,0.486225177562929
D_1_092,D,1,2,0.2173864718001244,0.3708380897296559,0.4117754384702197
D_0_000,D,0,0,0.8589538394915085,0.0892780034722331,0.0517681570362583
D_0_001,D,0,0,0.7178631382380488,0.1449739789229048,0.1371628828390463
D_0_002,D,0,0,0.7862555833690774,0.084558821446495,0.1291855951844275
D_0_003,D,0,0,0.6789322166151754,0.2211276641917712,0.0999401191930533
D_0_004,D,0,0,0.930319844951107,0.0480943935878863,0.0215857614610067
D_0_005,D,0,0,0.8705572655457277,0.0669611661032465,0.0624815683510258
D_0_006,D,0,0,0.9420671609085416,0.0388486807712545,0.0190841583202038
D_0_007,D,0,0,0.791840214212283,0.0723150139316111,0.1358447718561058
D_0_008,D,0,0,0.8163046905579927,0.1050027008977781,0.0786926085442291
D_0_009,D,0,0,0.8048877966432214,0.1337486335790182,0.0613635697777604
D_0_010,D,0,0,0.8225317126398508,0.099294718102929,0.0781735692572201
D_0_011,D,0,0,0.8700892789323258,0.0640864080434724,0.0658243130242017
D_0_012,D,0,0,0.8840684181017268,0.0443813957084183,0.0715501861898548
D_0_013,D,0,0,0.6806740622817061,0.1527595311755537,0.1665664065427401
D_0_014,D,0,0,0.7456729196843648,0.086576982357476,0.1677500979581591
D_0_015,D,0,0,0.7501903739700658,0.1654209223073184,0.0843887037226157
D_0_016,D,0,0,0.6808508125561018,0.1640248920371525,0.1551242954067456
D_0_017,D,0,1,0.1594170423987588,0.73200207111109,0.1085808864901512
D_0_018,D,0,0,0.8231327309677098,0.08825992109338,0.0886073479389101
D_0_019,D,0,0,0.8459021615913309,0.0940956192304683,0.0600022191782007
D_0_020,D,0,0,0.7874319361928284,0.1311542382280622,0.0814138255791093
D_0_021,D,0,0,0.810027684591421,0.0820919193401546,0.1078803960684243
D_0_022,D,0,0,0.7069139958791449,0.1437653511336724,0.1493206529871826
D_0_023,D,0,0,0.6778354225684099,0.1376793609837683,0.1844852164478218
D_0_024,D,0,0,0.6960010098751628,0.0977129915648331,0.206285998560004
D_0_025,D,0,1,0.1869787896937008,0.5887651102324754,0.2242561000738238
D_0_026,D,0,0,0.7561604740750497,0.1239491930745419,0.1198903328504083
D_0_027,D,0,1,0.1248106910386428,0.6464652580139133,0.2287240509474438
D_0_028,D,0,0,0.7005669635529472,0.1255884205000352,0.1738446159470175
D_0_029,D,0,0,0.8663582255514275,0.0896566390023152,0.0439851354462572
D_0_030,D,0,0,0.9279546372617636,0.0502473019278144,0.021798060810422
D_0_031,D,0,0,0.7373543558609097,0.0913297033562929,0.1713159407827973
D_0_032,D,0,0,0.705333744386409,0.0997356614101017,0.1949305942034893
D_0_033,D,0,0,0.8542788707956239,0.0909353030126629,0.0547858261917131
D_0_034,D,0,0,0.9083659159622136,0.0437459528629939,0.0478881311747925
D_0_035,D,0,0,0.8930920999277474,0.0436734538555906,0.0632344462166619
D_0_036,D,0,0,0.9389606644137862,0.033738648993916,0.0273006865922977
D_0_037,D,0,0,0.8822574863666015,0.0570998506484042,0.0606426629849942
D_0_038,D,0,0,0.8126964403283892,0.0882854380479922,0.0990181216236186
D_0_039,D,0,0,0.6865326172730855,0.1795749524543954,0.1338924302725191
D_0_040,D,0,0,0.7259047707708259,0.1634512101246868,0.1106440191044872
D_0_041,D,0,0,0.8803941534087246,0.0694873152317358,0.0501185313595395
D_0_042,D,0,0,0.7430573116407013,0.1248091555345598,0.1321335328247389
D_0_043,D,0,0,0.7206354598596039,0.1893709571157738,0.0899935830246223
D_0_044,D,0,0,0.7877424753871191,0.102056013081241,0.1102015115316398
D_0_045,D,0,0,0.9467720493122492,0.0340213227182689,0.0192066279694819
D_0_046,D,0,0,0.9573393989846368,0.0232690561226356,0.0193915448927274
D_0_047,D,0,0,0.8679371530264129,0.0578808506661686,0.0741819963074183
D_0_048,D,0,0,0.7387266465921162,0.1806994064170708,0.0805739469908129
D_0_049,D,0,0,0.8538498100746528,0.05366381823834,0.0924863716870071
E_2_000,E,2,2,0.1775150253875946,0.2421162098273091,0.5803687647850962
E_2_001,E,2,2,0.0780594777571629,0.074734875605058,0.8472056466377791
E_2_002,E,2,1,0.0875190241228019,0.4299979124452701,0.4824830634319278
E_2_003,E,2,2,0.1356751701272127,0.0899772424844463,0.774347587388341
E_2_004,E,2,2,0.2495136637581359,0.1471128127155289,0.6033735235263351
E_2_005,E,2,2,0.225432894803091,0.170362139357035,0.6042049658398739
E_2_006,E,2,1,0.0849095927493281,0.7529545385891687,0.1621358686615031
E_2_007,E,2,2,0.0548515250629411,0.0928676338246853,0.8522808411123735
E_2_008,E,2,2,0.0984898935559822,0.0630576066547338,0.8384524997892839
E_2_009,E,2,2,0.0784863996114241,0.1196563051936064,0.8018572951949694
E_2_010,E,2,2,0.123989123564011,0.1498777764879671,0.7261330999480218
E_2_011,E,2,2,0.1211043733191053,0.1074525259959314,0.7714431006849632
E_2_012,E,2,2,0.2889235071835877,0.185787752584512,0.5252887402319003
E_2_013,E,2,1,0.1308295426587861,0.6434726997406062,0.2256977576006076
E_2_014,E,2,2,0.1143138528076554,0.0770793848579041,0.8086067623344404
E_2_015,E,2,1,0.0952008926794908,0.4577794513103229,0.4470196560101862
E_2_016,E,2,0,0.5925545897751892,0.2436903666243488,0.1637550436004619
E_2_017,E,2,2,0.1666276125280565,0.1430062396293361,0.6903661478426073
E_2_018,E,2,2,0.1464242158267145,0.2549031983273831,0.5986725858459023
E_2_019,E,2,0,0.6347320170391832,0.1126537846896101,0.2526141982712066
E_2_020,E,2,2,0.1133257449112682,0.1947313238930887,0.6919429311956431
E_2_021,E,2,2,0.2271572283067216,0.1577215834832129,0.6151211882100655
E_2_022,E,2,1,0.1827582908603146,0.4538384439337733,0.363403265205912
E_2_023,E,2,2,0.114596154903862,0.0526237555836,0.8327800895125379
E_2_024,E,2,2,0.1677815058329759,0.307137453434925,0.525081040732099
E_2_025,E,2,2,0.0517017764949615,0.120294240890442,0.8280039826145964
E_2_026,E,2,2,0.0411062530250077,0.0219288185658252,0.936964928409167
E_2_027,E,2,2,0.2130317652127606,0.1501026573828747,0.6368655774043647
E_2_028,E,2,1,0.0613515734501304,0.4737881939524467,0.4648602325974228
E_2_029,E,2,2,0.2774320175582311,0.1221989869240833,0.6003689955176855
E_2_030,E,2,2,0.1714278226329502,0.2540440594403814,0.5745281179266684
E_2_031,E,2,2,0.1352099175101925,0.297153091122987,0.5676369913668204
E_2_032,E,2,0,0.655311060345493,0.1186126988167146,0.2260762408377923
E_2_033,E,2,1,0.1405770375540068,0.4210822407246754,0.4383407217213177
E_2_034,E,2,2,0.2088627465555718,0.2128764814151028,0.5782607720293254
E_2_035,E,2,2,0.105044045811309,0.2321187106799159,0.662837243508775
E_2_036,E,2,2,0.09030880069394,0.0800098363779904,0.8296813629280695
E_2_037,E,2,1,0.1320095396505602,0.5101256740363181,0.3578647863131217
E_2_038,E,2,2,0.2606444984682793,0.1260264636955332,0.6133290378361874
E_2_039,E,2,1,0.0823366418714212,0.591822863414339,0.3258404947142397
E_2_040,E,2,1,0.10614314704723,0.5936079783084744,0.3002488746442954
E_2_041,E,2,2,0.1315124992049154,0.137626409008211,0.7308610917868735
E_2_042,E,2,2,0.0442715731872031,0.0430997407095363,0.9126286861032604
E_2_043,E,2,0,0.6113465071020355,0.1648787258849999,0.2237747670129645
E_2_044,E,2,2,0.0939514856820921,0.1129471587547123,0.7931013555631955
E_2_045,E,2,2,0.0231830094590528,0.0462296961225967,0.9305872944183504
E_2_046,E,2,1,0.1704168385723875,0.5114242739196695,0.318158887507943
E_2_047,E,2,0,0.5496547153289839,0.2027596642535907,0.2475856204174253
E_2_048,E,2,2,0.1906040088137602,0.1016329852867873,0.7077630058994524
E_2_049,E,2,2,0.1739954017096821,0.3228468001340142,0.5031577981563037
E_2_050,E,2,2,0.1037237753882995,0.1430199020553382,0.7532563225563622
E_2_051,E,2,2,0.0328495965617552,0.044632271515666,0.9225181319225788
E_2_052,E,2,2,0.1582265203345551,0.2135076414755168,0.6282658381899281
E_2_053,E,2,2,0.2511438902362981,0.2034947983948696,0.5453613113688323
E_2_054,E,2,0,0.8008250380914584,0.104004147355527,0.0951708145530145
E_2_055,E,2,2,0.1506619680935362,0.2375310841637398,0.6118069477427239
E_2_056,E,2,2,0.1664327855011703,0.1015071505373414,0.7320600639614883
E_2_057,E,2,1,0.123498038959487,0.5166452626140453,0.3598566984264676
E_2_058,E,2,1,0.1076826721186251,0.6207241792556875,0.2715931486256873
E_2_059,E,2,2,0.1736093874703904,0.0823198353315003,0.7440707771981092
E_2_060,E,2,2,0.1176494467975573,0.1051352789915061,0.7772152742109365
E_2_061,E,2,1,0.080542535854807,0.513251028402418,0.406206435742775
E_2_062,E,2,2,0.0881684813036473,0.1817163209897859,0.7301151977065667
E_2_063,E,2,1,0.0369439527842708,0.8170493521591812,0.1460066950565479
E_2_064,E,2,2,0.1456697099116089,0.1904362552698251,0.6638940348185659
E_2_065,E,2,1,0.0277500515610059,0.8723635599228589,0.0998863885161352
E_2_066,E,2,2,0.1698865278537739,0.1851099459108288,0.6450035262353973
E_2_067,E,2,2,0.1226551940896708,0.0708132075391703,0.8065315983711587
E_2_068,E,2,2,0.259895363550654,0.119568843890454,0.6205357925588919
E_2_069,E,2,2,0.1572361371119838,0.159550246659683,0.6832136162283331
E_2_070,E,2,1,0.1184956942043241,0.6199494755872366,0.2615548302084393
E_1_000,E,1,1,0.2508042332089746,0.4978213727766037,0.2513743940144216
E_1_001,E,1,1,0.1294511924188238,0.8062240454616874,0.0643247621194887
E_1_002,E,1,1,0.2224177981540789,0.5914278376916728,0.1861543641542482
E_1_003,E,1,1,0.1366288567089794,0.7868253720429441,0.0765457712480764
E_1_004,E,1,2,0.0246078052766659,0.1523514351835229,0.823040759539811
E_1_005,E,1,2,0.0554156963457879,0.4342245623134222,0.5103597413407898
E_1_006,E,1,0,0.6915668331889159,0.1426957186207069,0.1657374481903772
E_1_007,E,1,1,0.2237905303709075,0.5229050153820541,0.2533044542470383
E_1_008,E,1,0,0.5401966118313618,0.2688557518684248,0.1909476363002133
E_1_009,E,1,2,0.1726895801077498,0.3134101556301039,0.5139002642621463
E_1_010,E,1,1,0.0822558390147726,0.8225685119043304,0.0951756490808969
E_1_011,E,1,2,0.1474500647238915,0.2453781491002478,0.6071717861758605
E_1_012,E,1,1,0.0518344828813988,0.905534590669424,0.0426309264491772
E_1_013,E,1,1,0.0514141808256435,0.9134037013769534,0.0351821177974031
E_1_014,E,1,0,0.8703866064458033,0.0866324898305432,0.0429809037236534
E_1_015,E,1,2,0.0291703180857417,0.1413435970665902,0.829486084847668
E_1_016,E,1,1,0.3219777442533494,0.4843485990220366,0.1936736567246138
E_1_017,E,1,1,0.0442328741113257,0.8647280182410118,0.0910391076476624
E_1_018,E,1,1,0.0504018910777692,0.9147599276932528,0.034838181228978
E_1_019,E,1,1,0.2281441003092967,0.4865020934604074,0.2853538062302959
E_1_020,E,1,2,0.1261940653654118,0.3854525323679884,0.4883534022665997
E_1_021,E,1,1,0.1105573853200894,0.7174094184192648,0.1720331962606457
E_1_022,E,1,1,0.121871914575761,0.6495802811015721,0.2285478043226669
E_1_023,E,1,2,0.062686419202304,0.2143831040153988,0.7229304767822972
E_1_024,E,1,1,0.2009378387255461,0.4954978888950426,0.3035642723794112
E_1_025,E,1,0,0.819125194007713,0.1046257495538038,0.0762490564384832
E_1_026,E,1,0,0.8628731644292372,0.0484847390429936,0.0886420965277691
E_1_027,E,1,1,0.0348581758820468,0.8927655311030349,0.0723762930149182
E_1_028,E,1,1,0.093514326260586,0.7851211262176028,0.1213645475218111
E_1_029,E,1,0,0.6032426163558037,0.2440501208081427,0.1527072628360535
E_1_030,E,1,1,0.1095941590551937,0.7629889806445125,0.1274168603002937
E_1_031,E,1,1,0.1742775576495755,0.7116340694197917,0.1140883729306327
E_1_032,E,1,2,0.1377651030808243,0.2292072009061359,0.6330276960130398
E_1_033,E,1,1,0.0514468080296257,0.9246273135646814,0.0239258784056928
E_1_034,E,1,2,0.2237006117329918,0.3514780371421137,0.4248213511248945
E_1_035,E,1,1,0.0434390929617528,0.9168398098126216,0.0397210972256255
E_1_036,E,1,2,0.2239100062150506,0.3505935487446722,0.4254964450402771
E_1_037,E,1,1,0.0311067562096475,0.89881061328019,0.0700826305101624
E_1_038,E,1,1,0.0931300905456307,0.7642833301901462,0.1425865792642231
E_1_039,E,1,1,0.0543275570358116,0.8575173822271186,0.0881550607370698
E_1_040,E,1,2,0.1363099533585789,0.3929637719315211,0.4707262747098998
E_1_041,E,1,1,0.1103431887351423,0.6829579788551999,0.2066988324096577
E_1_042,E,1,1,0.0276736189013661,0.9374517300670968,0.034874651031537
E_1_043,E,1,1,0.0744241355829262,0.8109752111159257,0.114600653301148
E_1_044,E,1,1,0.1058165745620472,0.7946962530573715,0.0994871723805812
E_1_045,E,1,2,0.0941459479463651,0.3785919030471552,0.5272621490064797
E_1_046,E,1,2,0.0472556555197732,0.2790958290241894,0.6736485154560373
E_1_047,E,1,1,0.2182567281972646,0.6448081401256742,0.1369351316770611
E_1_048,E,1,1,0.2083606961268095,0.563550573270305,0.2280887306028854
E_1_049,E,1,1,0.0690411840736932,0.8605249368793072,0.0704338790469995
E_1_050,E,1,1,0.3288522131137012,0.5230078309851879,0.1481399559011109
E_1_051,E,1,1,0.110083609433085,0.7096321152319919,0.1802842753349231
E_1_052,E,1,1,0.1959472166559197,0.5587010634559003,0.2453517198881799
E_1_053,E,1,1,0.1890078966866289,0.7248109163295404,0.0861811869838306
E_1_054,E,1,1,0.1311779972990953,0.8059719631280832,0.0628500395728215
E_1_055,E,1,2,0.0354132107952463,0.3060558917837934,0.6585308974209603
E_1_056,E,1,1,0.3261058851863058,0.5070356431685162,0.1668584716451779
E_1_057,E,1,1,0.0958146995868269,0.807114793126692,0.097070507286481
E_1_058,E,1,1,0.0602469475050127,0.8371643105611819,0.1025887419338053
E_1_059,E,1,2,0.1162713061199893,0.1945579879276286,0.6891707059523821
E_1_060,E,1,0,0.5628432185246157,0.1454244780501097,0.2917323034252745
E_1_061,E,1,1,0.1531884723408572,0.5940090193596799,0.2528025082994629
E_1_062,E,1,1,0.1632708433539425,0.6562908876351161,0.1804382690109413
E_1_063,E,1,1,0.1277472571988706,0.8032524984796323,0.069000244321497
E_1_064,E,1,0,0.73526509541164,0.1070596621076821,0.1576752424806778
E_1_065,E,1,1,0.2307113542405154,0.4935318756784034,0.2757567700810812
E_1_066,E,1,1,0.2010126972960043,0.6348295571552109,0.1641577455487846
E_1_067,E,1,2,0.0288210700577415,0.151971169666466,0.8192077602757925
E_1_068,E,1,2,0.0594331771812833,0.1908428998766871,0.7497239229420295
E_1_069,E,1,2,0.0869385376036682,0.4813612347290991,0.4317002276672326
E_1_070,E,1,1,0.1290218044126498,0.634339248882454,0.2366389467048961
E_1_071,E,1,2,0.0490315509777941,0.3324579963091161,0.6185104527130897
E_1_072,E,1,1,0.1506232455607124,0.7563198773796591,0.0930568770596284
E_1_073,E,1,1,0.2118646395127934,0.631007120029489,0.1571282404577175
E_1_074,E,1,2,0.0887763509504122,0.1459296230104936,0.7652940260390941
E_1_075,E,1,1,0.0418271820421932,0.8629240547293251,0.0952487632284816
E_1_076,E,1,1,0.0626158815840041,0.8291304211980843,0.1082536972179115
E_1_077,E,1,1,0.1971471744541178,0.5626471473958594,0.2402056781500227
E_1_078,E,1,1,0.1015008600067651,0.8127466812186346,0.0857524587746002
E_1_079,E,1,2,0.0832284510964062,0.4843633022275678,0.432408246676026
E_1_080,E,1,1,0.1562508296860246,0.6669508693465651,0.1767983009674102
E_1_081,E,1,1,0.0727654851942686,0.8765590793999973,0.050675435405734
E_1_082,E,1,1,0.095736016247734,0.8360497303911577,0.0682142533611082
E_1_083,E,1,2,0.1147472199006843,0.2369126163100781,0.6483401637892375
E_1_084,E,1,1,0.166739893687048,0.6867813832118829,0.146478723101069
E_1_085,E,1,1,0.109939973217694,0.6628343408589814,0.2272256859233245
E_1_086,E,1,1,0.111409996697672,0.8343218056285542,0.0542681976737738
E_1_087,E,1,2,0.0574574370862364,0.2324321572155415,0.710110405698222
E_0_000,E,0,0,0.7996063536303092,0.0635326114578985,0.1368610349117923
E_0_001,E,0,0,0.7408603012540145,0.1240144945430871,0.1351252042028984
E_0_002,E,0,0,0.8005642269684012,0.0630016428175887,0.13643413021401
E_0_003,E,0,0,0.8156051808595413,0.0746590360304067,0.1097357831100519
E_0_004,E,0,0,0.9631309722854268,0.0239064388971491,0.0129625888174239
E_0_005,E,0,0,0.750146025099878,0.123473886306886,0.1263800885932359
E_0_006,E,0,2,0.1742094143298967,0.1270958314191998,0.6986947542509034
E_0_007,E,0,0,0.8026434434630868,0.0719946780721813,0.1253618784647318
E_0_008,E,0,0,0.9330393923106916,0.0413999983081249,0.0255606093811834
E_0_009,E,0,0,0.9496169622902088,0.0190482840947663,0.0313347536150248
E_0_010,E,0,0,0.8850717986564355,0.0361620819992938,0.0787661193442706
E_0_011,E,0,0,0.7585185327256472,0.0926510366389985,0.1488304306353542
E_0_012,E,0,0,0.7436002605253437,0.1750580601045507,0.0813416793701056
E_0_013,E,0,0,0.6911550834778287,0.1352745734713146,0.1735703430508566
E_0_014,E,0,0,0.7322306768530199,0.0820892026612388,0.1856801204857412
E_0_015,E,0,2,0.105799230044622,0.0914217050958965,0.8027790648594815
E_0_016,E,0,0,0.7552761302841859,0.1161066371846417,0.1286172325311723
E_0_017,E,0,0,0.7293183635695747,0.1182806331165201,0.1524010033139051
E_0_018,E,0,0,0.8105418199545648,0.0960445478660052,0.0934136321794299
E_0_019,E,0,0,0.6737174984753208,0.221816456472883,0.1044660450517961
E_0_020,E,0,0,0.8051769456424089,0.0606519451456658,0.1341711092119252
E_0_021,E,0,0,0.8312387443252166,0.0966196733782989,0.0721415822964844
E_0_022,E,0,0,0.6635811369938738,0.1098591185017918,0.2265597445043343
E_0_023,E,0,0,0.8191255744076467,0.0646004127166864,0.1162740128756669
E_0_024,E,0,0,0.755583959133128,0.0771285362692262,0.1672875045976457
E_0_025,E,0,0,0.703493989902416,0.168286814851136,0.128219195246448
E_0_026,E,0,0,0.891030872913791,0.0428137015478538,0.0661554255383551
E_0_027,E,0,1,0.0563094529263024,0.8855257390847716,0.0581648079889259
E_0_028,E,0,0,0.9257210934483832,0.0288643544627051,0.0454145520889116
E_0_029,E,0,0,0.8370164245824361,0.0737744050734563,0.0892091703441075
E_0_030,E,0,0,0.7407999717662381,0.1719132623036334,0.0872867659301284
E_0_031,E,0,0,0.8984825550033089,0.0325632630381538,0.0689541819585373
E_0_032,E,0,0,0.794971548408631,0.1366877497799072,0.0683407018114617
E_0_033,E,0,0,0.7704925673312685,0.0968699650543906,0.1326374676143408
E_0_034,E,0,0,0.9246885505088636,0.0503696365433062,0.0249418129478302
E_0_035,E,0,0,0.7140377696093502,0.1132708818546566,0.1726913485359931
E_0_036,E,0,0,0.7240882603128524,0.1698083864682609,0.1061033532188866
E_0_037,E,0,0,0.9581671030638867,0.0239643542788443,0.0178685426572689
E_0_038,E,0,0,0.8837804615877084,0.0738021798828767,0.0424173585294148
E_0_039,E,0,0,0.913607626232362,0.0426790155007608,0.0437133582668771
E_0_040,E,0,0,0.8842231940251611,0.0711582812109362,0.0446185247639025
E_0_041,E,0,0,0.8156219774664661,0.0622015747284122,0.1221764478051215
E_0_042,E,0,0,0.889085657725964,0.0598401921125123,0.0510741501615235
E_0_043,E,0,0,0.7878730831253391,0.1150892162623129,0.0970377006123479
E_0_044,E,0,0,0.7209773532239405,0.0944043004051503,0.1846183463709091
E_0_045,E,0,0,0.6807535994318707,0.2127617004811434,0.1064847000869858
E_0_046,E,0,0,0.6685721950034802,0.2102384924582115,0.1211893125383082
E_0_047,E,0,0,0.8782563151517324,0.0780264150183074,0.0437172698299601
E_0_048,E,0,0,0.7907570801862916,0.1402492543852423,0.068993665428466
E_0_049,E,0,0,0.8071008266412959,0.0939403980499803,0.0989587753087237
